<core:FragmentDefinition xmlns="sap.ui.comp.valuehelpdialog"
	xmlns:m="sap.m"
	xmlns:fb="sap.ui.comp.filterbar"
	xmlns:core="sap.ui.core">
	<ValueHelpDialog title="{i18n>ColorCode}" ok="onColorCodeValueHelpOkPress" cancel="onColorCodeValueHelpCancelPress" afterClose="onColorCodeValueHelpAfterClose" supportRanges="true" key="Color" descriptionKey="Ktext">
		<filterBar>
			<fb:FilterBar advancedMode="true" search="onFilterBarSearch" isRunningInValueHelpDialog="true">
				<fb:filterGroupItems>
					<fb:FilterGroupItem groupName="__$INTERNAL$" name="Color Code" label="{i18n>ColorCode}" visibleInFilterBar="true">
						<fb:control>
							<m:Input name="Color" />
						</fb:control>
					</fb:FilterGroupItem>

					<fb:FilterGroupItem groupName="__$INTERNAL$" name="Description" label="{i18n>Description}" visibleInFilterBar="true">
						<fb:control>
							<m:Input name="Ktext" />
						</fb:control>
					</fb:FilterGroupItem>

				</fb:filterGroupItems>
			</fb:FilterBar>
		</filterBar>
	</ValueHelpDialog>
</core:FragmentDefinition>