<core:FragmentDefinition xmlns:core="sap.ui.core" displayBlock="true"
  xmlns:m="sap.m" class="sapUiSizeCompact"
  xmlns="sap.ui.table"
  xmlns:u="sap.ui.unified"
  xmlns:l="sap.ui.layout"
  xmlns:f="sap.ui.layout.form">
  <m:VBox id="Vbox" class="sapUiSmallMargin">
    <f:SimpleForm id="SimpleFormChange354" editable="true" layout="ResponsiveGridLayout" labelSpanXL="6" labelSpanL="6" labelSpanM="6" labelSpanS="12" adjustLabelSpan="false" emptySpanXL="4" emptySpanL="4" emptySpanM="4" emptySpanS="0" columnsXL="1" columnsL="1" columnsM="1" singleContainerFullSize="false">
      <f:content>
        <m:Label id= "idlabelMainPlant" text = "{i18n>LabelPlant}"/>
        <m:Input id="idMainPlant" value="{MainModel>/PlantCodeValue}" showValueHelp = "true" valueHelpOnly = "true" valueHelpRequest =  "onPlantHelpRequested"/>
        <m:Label id= "idlabelMainMaterial" text = "{i18n>LabelMaterial}" class="sapUiSmallMarginEnd"/>
        <m:MultiInput id = "idMainMaterial" showValueHelp = "true" valueHelpOnly = "true" valueHelpRequest =  "onMaterialCodeHelpRequested" editable="false"/>
        <m:Label id= "idlabelMainFile" text = "{i18n>File}"/>
        <u:FileUploader id="idFileUploader" change="onUploadChange" name="myFileUpload" tooltip="{i18n>fileUploaderTooltip}" placeholder="{i18n>fileUploaderPlaceHolder}" uploadComplete="handleUploadComplete" uploadStart="onBeforeUploadStarts" useMultipart="false" sendXHR="true" fileType="xlsx" />
        <m:Label id= "idlabelChkBox" text = ""/>
        <m:CheckBox id="idChkBox" text="{i18n>testRun}" select="handleSelect" class="sapUiSmallMarginEnd" />
        <m:Label id= "idlabelSubmit" text = ""/>
        <m:Button id="idSubmitBtn" text="{i18n>Execute}" type="Transparent" press="handlePress" />
      </f:content>
    </f:SimpleForm>
  </m:VBox>
</core:FragmentDefinition>