<core:FragmentDefinition xmlns:core="sap.ui.core" displayBlock="true"
	xmlns="sap.m" class="sapUiSizeCompact"
	xmlns:ui="sap.ui.table"
	xmlns:u="sap.ui.unified">

	<core:Fragment fragmentName="zftsclrcodegraphplnboard.fragments.commonHeaderUI" type="XML" />

	<Table id="exportTable" growing="true" growingThreshold="10" paste="onPaste" items="{EXCEL_RESULTS_MODEL>/}" visible = "false">
		<headerToolbar>
			<OverflowToolbar id="otbSubheader">
				<ToolbarSpacer id="idTS"/>
				<Button id="idExportBut" icon="sap-icon://excel-attachment" tooltip="{i18n>ExportData}" press="onExport" />

			</OverflowToolbar>
		</headerToolbar>
		<columns>
			<Column id = "idPlant">
				<Text id = "idTextPlant" text="{i18n>Plant}" />
			</Column>
			<Column id = "idMaterialCode">
				<Text id = "idTextMaterialCode" text="{i18n>MaterialCode}" />
			</Column>
			<Column id = "idMaterialDescription">
				<Text id ="idtextMaterialDescription" text="{i18n>MaterialDescription}" />
			</Column>
			<Column id="idColorCode">
				<Text id="idtextColorCode" text="{i18n>ColorCode}" />
			</Column>
			<Column id="idsortcriteria">
				<Text id="idtextsortcriteria" text="{i18n>sort_criteria}" />
			</Column>
			<Column id="idstatus">
				<Text id="idtextstatus" text="{i18n>Status}" />
			</Column>
			<Column id="idmessage">
				<Text id="idtextmessage" text="{i18n>Message}" />
			</Column>
		</columns>
		<items>
			<ColumnListItem id="idColumnListItem" vAlign="Middle">
				<cells>
					<Text id="idColumnListItemPlant" text="{EXCEL_RESULTS_MODEL>PLANT}"/>
					<Text id="idColumnListItemMaterialCode" text="{EXCEL_RESULTS_MODEL>MATERIALCODE}"/>
					<Text id="idColumnListItemMaterialDescription" text="{EXCEL_RESULTS_MODEL>MATERIALDESCRIPTION}"/>
					<Text id="idColumnListItemColorCode" text="{EXCEL_RESULTS_MODEL>COLORCODE}"/>
					<Text id="idColumnListItemsortcriteria" text="{EXCEL_RESULTS_MODEL>SORTCRITERIA}"/>
					<Text id="idColumnListItemstatus" text="{EXCEL_RESULTS_MODEL>STATUS}"/>
					<Text id="idColumnListItemmessage" text="{EXCEL_RESULTS_MODEL>MESSAGE}"/>
				</cells>
			</ColumnListItem>
		</items>
	</Table>

	<Table id="exportPlantTable" growing="true" growingThreshold="10" paste="onPaste" items="{PLANT_EXCEL_RESULTS_MODEL>/}" visible = "false">
		<headerToolbar>
			<OverflowToolbar id="otPlantbSubheader">
				<ToolbarSpacer id="idPTS"/>
				<Button id="createPlantButton" text="{i18n>Create}" type="Transparent" press="onPlantCreate" />
				<Button id="editButton" text="{i18n>Edit}" type="Transparent" press="onEdit"/>
				<Button id="idPlantExportBut" icon="sap-icon://excel-attachment" tooltip="{i18n>ExportData}" press="onPlantExport" />

			</OverflowToolbar>
		</headerToolbar>
		<columns>
			<Column id = "idPTPlant">
				<Text id = "idPTTextPlant" text="{i18n>Plant}" />
			</Column>
			<Column id = "idPTMaterialCode">
				<Text id = "idPTTextMaterialCode" text="{i18n>MaterialCode}" />
			</Column>
			<Column id = "idPTMaterialDescription">
				<Text id ="idPTtextMaterialDescription" text="{i18n>MaterialDescription}" />
			</Column>
			<Column id="idPTColorCode">
				<Text id="idPTtextColorCode" text="{i18n>ColorCode}" />
			</Column>
			<Column id="idPTsortcriteria">
				<Text id="idPTtextsortcriteria" text="{i18n>sort_criteria}" />
			</Column>
			<Column id="idPTMrptype">
				<Text id="idPTtextmrptype" text="{i18n>MRPType}" />
			</Column>
			<Column id="idPTAdvancePlanning">
				<Text id="idPTtextAdvancePlanning" text="{i18n>AdvancePlanning}" />
			</Column>
			<Column id="idUploadedDelCol">
				<header>
					<Label id = "idLabelDeleteCol" text="" />
				</header>
			</Column>
		</columns>
		<items>
			<ColumnListItem id="idPTColumnListItem" vAlign="Middle">
				<cells>
					<Text id="idPTColumnListItemPlant" text="{PLANT_EXCEL_RESULTS_MODEL>Werks}"/>
					<Text id="idPTColumnListItemMaterialCode" text="{PLANT_EXCEL_RESULTS_MODEL>Matnr}"/>
					<Text id="idPTColumnListItemMaterialDescription" text="{PLANT_EXCEL_RESULTS_MODEL>Maktx}"/>
					<Text id="idPTColumnListItemColorCode" text="{PLANT_EXCEL_RESULTS_MODEL>ZzcolorCode}"/>
					<Text id="idPTColumnListItemsortcriteria" text="{PLANT_EXCEL_RESULTS_MODEL>ZzsortCriteria}"/>
					<Text id="idPTColumnListItemstatus" text="{PLANT_EXCEL_RESULTS_MODEL>Dismm}"/>
					<Text id="idPTColumnListItemmessage" text="{= ${PLANT_EXCEL_RESULTS_MODEL>Ppskz} === true ? 'X' : '' }"/>
					<Button id = "iddeleteicon" icon="sap-icon://delete" press="handleDeleteAttachment"/>
				</cells>
			</ColumnListItem>
		</items>
	</Table>
</core:FragmentDefinition>
