<core:FragmentDefinition xmlns="sap.m"
	xmlns:l="sap.ui.layout"
	xmlns:f="sap.ui.layout.form"
	xmlns:core="sap.ui.core">
	<Dialog title="{i18n>CreateRecord}">
		<content>
			<VBox class="sapUiSmallMargin">
				<f:Form editable="true">
					<f:layout>
						<f:ResponsiveGridLayout labelSpanXL="3" labelSpanL="3" labelSpanM="3" labelSpanS="12" adjustLabelSpan="false" emptySpanXL="4" emptySpanL="4" emptySpanM="4" emptySpanS="0" columnsXL="1" columnsL="1" columnsM="1" singleContainerFullSize="false" />
					</f:layout>
					<f:formContainers>
						<f:FormContainer>
							<f:formElements>
								<f:FormElement label="{i18n>Plant}">
									<f:fields>
										<Input value="{PlantCreateModel>/PlantCodeValue}" enabled = "true" editable="false" required="true"/>
									</f:fields>
								</f:FormElement>
								<f:FormElement label="{i18n>MaterialCode}">
									<f:fields>
										<Input value="{PlantCreateModel>/MaterialCodeValue}" showValueHelp = "true" valueHelpOnly = "true" valueHelpRequest =  "onMaterialCodeHelpRequested" required="true"/>
									</f:fields>
								</f:FormElement>
								<f:FormElement label="{i18n>MaterialDescription}">
									<f:fields>
										<Text text="{PlantCreateModel>/MaterialDescription}"/>
									</f:fields>
								</f:FormElement>
								<f:FormElement label="{i18n>ColorCode}">
									<f:fields>
										<Input value="{PlantCreateModel>/ColorCodeValue}" showValueHelp = "true" valueHelpOnly = "true" valueHelpRequest =  "onColorCodeHelpRequested">
										</Input>
									</f:fields>
								</f:FormElement>

								<f:FormElement label="{i18n>sort_criteria}">
									<f:fields>
										<Input value="{PlantCreateModel>/SortCriteria}">
										</Input>
									</f:fields>
								</f:FormElement>
								<f:FormElement label="{i18n>MRPType}">
									<f:fields>
										<Text text="{PlantCreateModel>/MRPType}"/>
									</f:fields>
								</f:FormElement>
								<f:FormElement label="{i18n>AdvancePlanning}">
									<f:fields>
										<Text text="{PlantCreateModel>/AdvancePlanning}"/>
									</f:fields>
								</f:FormElement>
							</f:formElements>
						</f:FormContainer>
					</f:formContainers>
				</f:Form>
			</VBox>
		</content>
		<beginButton>
			<Button text="{i18n>Add}" press="onCreateAdd" />
		</beginButton>
		<endButton>
			<Button text="{i18n>Cancel}" press="onCreateCancel" />
		</endButton>

	</Dialog>
</core:FragmentDefinition>