<core:FragmentDefinition xmlns="sap.ui.comp.valuehelpdialog"
	xmlns:m="sap.m"
	xmlns:fb="sap.ui.comp.filterbar"
	xmlns:core="sap.ui.core">
	<ValueHelpDialog title="{i18n>MaterialCode}" ok="onMaterialCodeValueHelpOkPress" cancel="onMaterialCodeValueHelpCancelPress" afterClose="onMaterialCodeValueHelpAfterClose" supportRanges="true" key="Matnr" descriptionKey="Matnr">
		<filterBar>
			<fb:FilterBar advancedMode="true" search="onMaterialCodeFilterBarSearch" isRunningInValueHelpDialog="true">
				<fb:filterGroupItems>
					<fb:FilterGroupItem groupName="__$INTERNAL$" name="Material Code" label="{i18n>MaterialCode}" visibleInFilterBar="true">
						<fb:control>
							<m:Input name="Matnr" />
						</fb:control>
					</fb:FilterGroupItem>

					<fb:FilterGroupItem groupName="__$INTERNAL$" name="Material Description" label="{i18n>MaterialDescription}" visibleInFilterBar="true">
						<fb:control>
							<m:Input name="Maktg" />
						</fb:control>
					</fb:FilterGroupItem>

					<fb:FilterGroupItem groupName="__$INTERNAL$" name="MRP Controller" label="{i18n>MRPController}" visibleInFilterBar="true">
						<fb:control>
							<m:Input name="Dispo" />
						</fb:control>
					</fb:FilterGroupItem>

					<fb:FilterGroupItem groupName="__$INTERNAL$" name="Procurement Type" label="{i18n>ProcurementType}" visibleInFilterBar="true">
						<fb:control>
							<m:Input name="Beskz" />
						</fb:control>
					</fb:FilterGroupItem>

					<fb:FilterGroupItem groupName="__$INTERNAL$" name="MRP Type" label="{i18n>MRPType}" visibleInFilterBar="true">
						<fb:control>
							<m:Input name="Dismm" />
						</fb:control>
					</fb:FilterGroupItem>

					<fb:FilterGroupItem groupName="__$INTERNAL$" name="Advance Planning" label="{i18n>AdvancePlanning}" visibleInFilterBar="true">
						<fb:control>
							<m:Input name="Ppskz" />
						</fb:control>
					</fb:FilterGroupItem>

				</fb:filterGroupItems>
			</fb:FilterBar>
		</filterBar>
	</ValueHelpDialog>
</core:FragmentDefinition>