<core:FragmentDefinition xmlns="sap.ui.comp.valuehelpdialog"
	xmlns:m="sap.m"
	xmlns:fb="sap.ui.comp.filterbar"
	xmlns:core="sap.ui.core">
	<ValueHelpDialog title="{i18n>Plant}" ok="onPlantCodeValueHelpOkPress" cancel="onPlantCodeValueHelpCancelPress" afterClose="onPlantCodeValueHelpAfterClose" supportRanges="true" key="Werks" descriptionKey="PostCode1">
		<filterBar>
			<fb:FilterBar advancedMode="true" search="onPlantCodeFilterBarSearch" isRunningInValueHelpDialog="true">
				<fb:filterGroupItems>
					<fb:FilterGroupItem groupName="__$INTERNAL$" name="Plant" label="{i18n>Plant}" visibleInFilterBar="true">
						<fb:control>
							<m:Input name="Werks" />
						</fb:control>
					</fb:FilterGroupItem>

					<fb:FilterGroupItem groupName="__$INTERNAL$" name="Name1" label="{i18n>Name}" visibleInFilterBar="true">
						<fb:control>
							<m:Input name="Name1" />
						</fb:control>
					</fb:FilterGroupItem>

					<fb:FilterGroupItem groupName="__$INTERNAL$" name="Name2" label="{i18n>Name2}" visibleInFilterBar="true">
						<fb:control>
							<m:Input name="Name2" />
						</fb:control>
					</fb:FilterGroupItem>
				</fb:filterGroupItems>
			</fb:FilterBar>
		</filterBar>
	</ValueHelpDialog>
</core:FragmentDefinition>